Timestamp,User Count,Type,Name,Requests/s,Failures/s,50%,66%,75%,80%,90%,95%,98%,99%,99.9%,99.99%,100%,Total Request Count,Total Failure Count,Total Median Response Time,Total Average Response Time,Total Min Response Time,Total Max Response Time,Total Average Content Size
1766625947,0,,Aggregated,0.000000,0.000000,N/A,N/A,N/A,N/A,N/A,N/A,N/A,N/A,N/A,N/A,N/A,0,0,0,0.0,0,0,0
1766625948,0,,Aggregated,0.000000,0.000000,N/A,N/A,N/A,N/A,N/A,N/A,N/A,N/A,N/A,N/A,N/A,0,0,0,0.0,0,0,0
1766625949,30,,Aggregated,0.000000,0.000000,N/A,N/A,N/A,N/A,N/A,N/A,N/A,N/A,N/A,N/A,N/A,0,0,0,0.0,0,0,0
1766625950,60,,Aggregated,0.000000,0.000000,N/A,N/A,N/A,N/A,N/A,N/A,N/A,N/A,N/A,N/A,N/A,0,0,0,0.0,0,0,0
1766625951,90,,Aggregated,0.000000,0.000000,640,740,830,830,1000,1000,1000,1000,1000,1000,1000,63,0,640.0,630.8458724603357,304.0280520001488,1006.6494489999513,9741.825396825398
1766625952,120,,Aggregated,0.000000,0.000000,640,740,830,830,1000,1000,1000,1000,1000,1000,1000,63,0,640.0,630.8458724603357,304.0280520001488,1006.6494489999513,9741.825396825398
1766625953,150,,Aggregated,0.000000,0.000000,640,740,830,830,1000,1000,1000,1000,1000,1000,1000,63,0,640.0,630.8458724603357,304.0280520001488,1006.6494489999513,9741.825396825398
1766625954,180,,Aggregated,24.666667,0.000000,1100,1600,1700,1800,2000,2000,2000,2000,2100,2100,2100,133,0,1100.0,1170.4525275714414,304.0280520001488,2105.7887720000963,10108.556390977443
1766625955,210,,Aggregated,24.666667,0.000000,1100,1600,1700,1800,2000,2000,2000,2000,2100,2100,2100,133,0,1100.0,1170.4525275714414,304.0280520001488,2105.7887720000963,10108.556390977443
1766625956,240,,Aggregated,24.666667,0.000000,1100,1600,1700,1800,2000,2000,2000,2000,2100,2100,2100,133,0,1100.0,1170.4525275714414,304.0280520001488,2105.7887720000963,10108.556390977443
1766625957,270,,Aggregated,29.833333,0.000000,1600,1700,1800,1900,2000,2100,2200,2300,2400,2400,2400,200,0,1600.0,1362.0911477050126,304.0280520001488,2386.908806000065,10027.415
1766625958,300,,Aggregated,29.833333,0.000000,1600,1700,1800,1900,2000,2100,2200,2300,2400,2400,2400,200,0,1600.0,1362.0911477050126,304.0280520001488,2386.908806000065,10027.415
1766625959,300,,Aggregated,29.833333,0.000000,1600,1700,1800,1900,2000,2100,2200,2300,2400,2400,2400,200,0,1600.0,1362.0911477050126,304.0280520001488,2386.908806000065,10027.415
1766625960,300,,Aggregated,24.500000,0.000000,1800,2200,5000,5100,5700,5800,6000,6300,6500,6500,6500,359,0,1800.0,2616.390859704741,304.0280520001488,6538.449999000022,9963.518105849582
1766625961,300,,Aggregated,24.500000,0.000000,1800,2200,5000,5100,5700,5800,6000,6300,6500,6500,6500,359,0,1800.0,2616.390859704741,304.0280520001488,6538.449999000022,9963.518105849582
1766625962,300,,Aggregated,24.500000,0.000000,1800,2200,5000,5100,5700,5800,6000,6300,6500,6500,6500,359,0,1800.0,2616.390859704741,304.0280520001488,6538.449999000022,9963.518105849582
1766625963,300,,Aggregated,29.600000,0.000000,2200,4500,5000,5300,6000,6800,7500,7700,8000,8000,8000,643,284,2200.0,3070.6223232799425,7.025011999985509,8034.360864000064,7918.965785381027
1766625964,300,,Aggregated,29.600000,0.000000,2200,4500,5000,5300,6000,6800,7500,7700,8000,8000,8000,643,284,2200.0,3070.6223232799425,7.025011999985509,8034.360864000064,7918.965785381027
1766625965,300,,Aggregated,29.600000,0.000000,2200,4500,5000,5300,6000,6800,7500,7700,8000,8000,8000,643,284,2200.0,3070.6223232799425,7.025011999985509,8034.360864000064,7918.965785381027
1766625966,300,,Aggregated,63.800000,41.000000,1600,3000,4600,5000,5700,6400,7200,7600,8200,8200,8200,912,553,1600.0,2394.7347876973713,2.224822000016502,8244.404846999942,7142.574561403509
1766625967,300,,Aggregated,63.800000,41.000000,1600,3000,4600,5000,5700,6400,7200,7600,8200,8200,8200,912,553,1600.0,2394.7347876973713,2.224822000016502,8244.404846999942,7142.574561403509
1766625968,300,,Aggregated,63.800000,41.000000,1600,3000,4600,5000,5700,6400,7200,7600,8200,8200,8200,912,553,1600.0,2394.7347876973713,2.224822000016502,8244.404846999942,7142.574561403509
1766625969,300,,Aggregated,74.200000,57.900000,1000,2000,3900,4700,5700,6300,7200,7600,8200,8200,8200,1086,727,1000.0,2012.1254974668511,2.224822000016502,8244.404846999942,6844.560773480663
1766625970,300,,Aggregated,74.200000,57.900000,1000,2000,3900,4700,5700,6300,7200,7600,8200,8200,8200,1086,727,1000.0,2012.1254974668511,2.224822000016502,8244.404846999942,6844.560773480663
1766625971,300,,Aggregated,74.200000,57.900000,1000,2000,3900,4700,5700,6300,7200,7600,8200,8200,8200,1086,727,1000.0,2012.1254974668511,2.224822000016502,8244.404846999942,6844.560773480663
1766625972,300,,Aggregated,77.000000,77.000000,630,1700,2800,4100,5500,6100,7100,7500,8200,8200,8200,1286,927,630.0,1700.185348527993,2.1758760001375776,8244.404846999942,6601.954898911353
1766625973,300,,Aggregated,77.000000,77.000000,630,1700,2800,4100,5500,6100,7100,7500,8200,8200,8200,1286,927,630.0,1700.185348527993,2.1758760001375776,8244.404846999942,6601.954898911353
1766625974,300,,Aggregated,77.000000,77.000000,630,1700,2800,4100,5500,6100,7100,7500,8200,8200,8200,1286,927,630.0,1700.185348527993,2.1758760001375776,8244.404846999942,6601.954898911353
1766625975,300,,Aggregated,75.200000,75.200000,230,1400,2000,3300,5200,6000,7100,7500,8200,8200,8200,1472,1113,210.0,1486.1779424714653,2.1758760001375776,8244.404846999942,6435.463994565217
1766625976,300,,Aggregated,75.200000,75.200000,230,1400,2000,3300,5200,6000,7100,7500,8200,8200,8200,1472,1113,210.0,1486.1779424714653,2.1758760001375776,8244.404846999942,6435.463994565217
1766625977,300,,Aggregated,75.200000,75.200000,230,1400,2000,3300,5200,6000,7100,7500,8200,8200,8200,1472,1113,210.0,1486.1779424714653,2.1758760001375776,8244.404846999942,6435.463994565217
1766625978,300,,Aggregated,61.700000,61.700000,14,910,1800,2500,5100,5900,7000,7200,8200,8200,8200,1669,1310,14,1311.472915714798,2.1758760001375776,8244.404846999942,6299.575194727382
1766625979,300,,Aggregated,61.700000,61.700000,14,910,1800,2500,5100,5900,7000,7200,8200,8200,8200,1669,1310,14,1311.472915714798,2.1758760001375776,8244.404846999942,6299.575194727382
1766625980,300,,Aggregated,61.700000,61.700000,14,910,1800,2500,5100,5900,7000,7200,8200,8200,8200,1669,1310,14,1311.472915714798,2.1758760001375776,8244.404846999942,6299.575194727382
1766625981,300,,Aggregated,65.200000,65.200000,11,830,1700,2000,5000,5800,6800,7200,8200,8200,8200,1778,1383,11,1244.4198171850392,2.1758760001375776,8244.404846999942,6315.7907761529805
1766625982,300,,Aggregated,65.200000,65.200000,11,830,1700,2000,5000,5800,6800,7200,8200,8200,8200,1778,1383,11,1244.4198171850392,2.1758760001375776,8244.404846999942,6315.7907761529805
1766625983,300,,Aggregated,65.200000,65.200000,11,830,1700,2000,5000,5800,6800,7200,8200,8200,8200,1778,1383,11,1244.4198171850392,2.1758760001375776,8244.404846999942,6315.7907761529805
1766625984,300,,Aggregated,54.100000,48.700000,36,1100,1800,2200,5000,5700,6700,7200,8200,8200,8200,1870,1383,34,1284.578487959358,2.1758760001375776,8244.404846999942,6461.363101604278
1766625985,300,,Aggregated,54.100000,48.700000,36,1100,1800,2200,5000,5700,6700,7200,8200,8200,8200,1870,1383,34,1284.578487959358,2.1758760001375776,8244.404846999942,6461.363101604278
1766625986,300,,Aggregated,54.100000,48.700000,36,1100,1800,2200,5000,5700,6700,7200,8200,8200,8200,1870,1383,34,1284.578487959358,2.1758760001375776,8244.404846999942,6461.363101604278
1766625987,300,,Aggregated,44.600000,28.300000,190,1500,2000,2300,5000,5700,6800,7200,8200,8200,8200,1999,1383,190.0,1360.251727871936,2.1758760001375776,8244.404846999942,6655.16408204102
1766625988,300,,Aggregated,44.600000,28.300000,190,1500,2000,2300,5000,5700,6800,7200,8200,8200,8200,1999,1383,190.0,1360.251727871936,2.1758760001375776,8244.404846999942,6655.16408204102
1766625989,300,,Aggregated,44.600000,28.300000,190,1500,2000,2300,5000,5700,6800,7200,8200,8200,8200,1999,1383,190.0,1360.251727871936,2.1758760001375776,8244.404846999942,6655.16408204102
1766625990,300,,Aggregated,38.600000,9.200000,370,1800,2100,2600,5000,5800,7100,7500,8800,8900,8900,2100,1383,370.0,1454.3209797809518,2.1758760001375776,8932.420156000035,6823.3909523809525
1766625991,300,,Aggregated,38.600000,9.200000,370,1800,2100,2600,5000,5800,7100,7500,8800,8900,8900,2100,1383,370.0,1454.3209797809518,2.1758760001375776,8932.420156000035,6823.3909523809525
1766625992,300,,Aggregated,38.600000,9.200000,370,1800,2100,2600,5000,5800,7100,7500,8800,8900,8900,2100,1383,370.0,1454.3209797809518,2.1758760001375776,8932.420156000035,6823.3909523809525
1766625993,300,,Aggregated,36.800000,0.000000,630,1900,2300,2900,5000,5900,7200,7900,8800,9100,9100,2234,1383,630.0,1572.1467276369738,2.1758760001375776,9088.01957799983,7020.109221128021
1766625994,300,,Aggregated,36.800000,0.000000,630,1900,2300,2900,5000,5900,7200,7900,8800,9100,9100,2234,1383,630.0,1572.1467276369738,2.1758760001375776,9088.01957799983,7020.109221128021
1766625995,300,,Aggregated,36.800000,0.000000,630,1900,2300,2900,5000,5900,7200,7900,8800,9100,9100,2234,1383,630.0,1572.1467276369738,2.1758760001375776,9088.01957799983,7020.109221128021
1766625996,300,,Aggregated,39.300000,0.000000,840,2000,2400,2900,5000,6000,7300,8300,9200,9400,9400,2357,1383,840.0,1647.2200569987272,2.1758760001375776,9384.350327999982,7172.004242681374
1766625997,300,,Aggregated,39.300000,0.000000,840,2000,2400,2900,5000,6000,7300,8300,9200,9400,9400,2357,1383,840.0,1647.2200569987272,2.1758760001375776,9384.350327999982,7172.004242681374
1766625998,300,,Aggregated,39.300000,0.000000,840,2000,2400,2900,5000,6000,7300,8300,9200,9400,9400,2357,1383,840.0,1647.2200569987272,2.1758760001375776,9384.350327999982,7172.004242681374
1766625999,300,,Aggregated,38.700000,0.000000,1200,2100,2500,3000,5000,6000,7700,8500,9200,9400,9400,2485,1383,1200.0,1733.2056475521115,2.1758760001375776,9384.350327999982,7335.277665995975
1766626000,300,,Aggregated,38.700000,0.000000,1200,2100,2500,3000,5000,6000,7700,8500,9200,9400,9400,2485,1383,1200.0,1733.2056475521115,2.1758760001375776,9384.350327999982,7335.277665995975
1766626001,300,,Aggregated,42.100000,0.000000,1200,2100,2500,3000,5000,6000,7700,8500,9200,9400,9400,2590,1383,1200.0,1741.2156577166015,2.1758760001375776,9384.350327999982,7449.785714285715
1766626002,300,,Aggregated,45.100000,0.000000,1300,2000,2500,3000,5000,6000,7600,8400,9200,9400,9400,2702,1383,1300.0,1754.412505028497,2.1758760001375776,9384.350327999982,7576.7938564026645
1766626003,300,,Aggregated,45.100000,0.000000,1300,2000,2500,3000,5000,6000,7600,8400,9200,9400,9400,2702,1383,1300.0,1754.412505028497,2.1758760001375776,9384.350327999982,7576.7938564026645
1766626004,300,,Aggregated,50.500000,0.000000,1100,2000,2500,2900,5000,6000,7500,8400,9200,9400,9400,2778,1383,1100.0,1715.9662728642907,2.1758760001375776,9384.350327999982,7644.970842332614
1766626005,300,,Aggregated,52.300000,0.000000,1000,2000,2400,2800,5000,6000,7500,8300,9200,9400,9400,2838,1383,1000.0,1686.7109715366455,2.1758760001375776,9384.350327999982,7696.371740662438
1766626006,300,,Aggregated,52.300000,0.000000,1000,2000,2400,2800,5000,6000,7500,8300,9200,9400,9400,2838,1383,1000.0,1686.7109715366455,2.1758760001375776,9384.350327999982,7696.371740662438
1766626007,300,,Aggregated,53.300000,0.000000,900,1900,2300,2700,4800,5900,7400,8300,9200,9400,9400,3012,1383,900.0,1633.110454709495,2.1758760001375776,9384.350327999982,7857.713811420983
1766626008,300,,Aggregated,53.300000,0.000000,900,1900,2300,2700,4800,5900,7400,8300,9200,9400,9400,3012,1383,900.0,1633.110454709495,2.1758760001375776,9384.350327999982,7857.713811420983
1766626009,300,,Aggregated,53.300000,0.000000,900,1900,2300,2700,4800,5900,7400,8300,9200,9400,9400,3012,1383,900.0,1633.110454709495,2.1758760001375776,9384.350327999982,7857.713811420983
1766626010,300,,Aggregated,59.300000,0.000000,900,1800,2200,2600,4700,5700,7300,8300,9200,9400,9400,3184,1383,900.0,1592.9197053495598,2.1758760001375776,9384.350327999982,7988.630025125628
1766626011,300,,Aggregated,59.300000,0.000000,900,1800,2200,2600,4700,5700,7300,8300,9200,9400,9400,3184,1383,900.0,1592.9197053495598,2.1758760001375776,9384.350327999982,7988.630025125628
1766626012,300,,Aggregated,59.300000,0.000000,900,1800,2200,2600,4700,5700,7300,8300,9200,9400,9400,3184,1383,900.0,1592.9197053495598,2.1758760001375776,9384.350327999982,7988.630025125628
1766626013,300,,Aggregated,54.100000,0.000000,970,1800,2200,2500,4500,5700,7200,8300,9200,9400,9400,3341,1383,970.0,1571.1847738147255,2.1758760001375776,9384.350327999982,8107.033223585753
1766626014,300,,Aggregated,54.100000,0.000000,970,1800,2200,2500,4500,5700,7200,8300,9200,9400,9400,3341,1383,970.0,1571.1847738147255,2.1758760001375776,9384.350327999982,8107.033223585753
1766626015,300,,Aggregated,54.100000,0.000000,970,1800,2200,2500,4500,5700,7200,8300,9200,9400,9400,3341,1383,970.0,1571.1847738147255,2.1758760001375776,9384.350327999982,8107.033223585753
1766626016,300,,Aggregated,54.500000,0.000000,1000,1700,2100,2400,4400,5700,7200,8300,9200,9400,9400,3500,1383,1000.0,1548.2056135299997,2.1758760001375776,9384.350327999982,8211.647428571428
1766626017,300,,Aggregated,54.500000,0.000000,1000,1700,2100,2400,4400,5700,7200,8300,9200,9400,9400,3500,1383,1000.0,1548.2056135299997,2.1758760001375776,9384.350327999982,8211.647428571428
1766626018,300,,Aggregated,54.500000,0.000000,1000,1700,2100,2400,4400,5700,7200,8300,9200,9400,9400,3500,1383,1000.0,1548.2056135299997,2.1758760001375776,9384.350327999982,8211.647428571428
1766626019,300,,Aggregated,54.000000,0.000000,1000,1600,2100,2400,4200,5700,7200,8200,9200,9400,9400,3654,1383,1000.0,1528.1151778604265,2.1758760001375776,9384.350327999982,8319.883141762451
1766626020,300,,Aggregated,54.000000,0.000000,1000,1600,2100,2400,4200,5700,7200,8200,9200,9400,9400,3654,1383,1000.0,1528.1151778604265,2.1758760001375776,9384.350327999982,8319.883141762451
1766626021,300,,Aggregated,54.000000,0.000000,1000,1600,2100,2400,4200,5700,7200,8200,9200,9400,9400,3654,1383,1000.0,1528.1151778604265,2.1758760001375776,9384.350327999982,8319.883141762451
1766626022,300,,Aggregated,49.600000,0.000000,1000,1600,2000,2300,4100,5600,7200,8100,9200,9400,9400,3796,1383,1000.0,1518.9479635197574,2.1758760001375776,9384.350327999982,8387.626712328767
1766626023,300,,Aggregated,49.600000,0.000000,1000,1600,2000,2300,4100,5600,7200,8100,9200,9400,9400,3796,1383,1000.0,1518.9479635197574,2.1758760001375776,9384.350327999982,8387.626712328767
1766626024,300,,Aggregated,49.600000,0.000000,1000,1600,2000,2300,4100,5600,7200,8100,9200,9400,9400,3796,1383,1000.0,1518.9479635197574,2.1758760001375776,9384.350327999982,8387.626712328767
1766626025,300,,Aggregated,49.800000,0.000000,1100,1500,2000,2200,3900,5500,7100,8100,9200,9400,9400,3943,1383,1100.0,1512.6354379487702,2.1758760001375776,9384.350327999982,8462.179812325641
1766626026,300,,Aggregated,49.800000,0.000000,1100,1500,2000,2200,3900,5500,7100,8100,9200,9400,9400,3943,1383,1100.0,1512.6354379487702,2.1758760001375776,9384.350327999982,8462.179812325641
1766626027,300,,Aggregated,49.800000,0.000000,1100,1500,2000,2200,3900,5500,7100,8100,9200,9400,9400,3943,1383,1100.0,1512.6354379487702,2.1758760001375776,9384.350327999982,8462.179812325641
1766626028,300,,Aggregated,49.200000,0.000000,1100,1600,2000,2200,3800,5500,7100,8100,9200,9400,9400,4092,1383,1100.0,1509.2254041016622,2.1758760001375776,9384.350327999982,8527.897360703812
1766626029,300,,Aggregated,49.200000,0.000000,1100,1600,2000,2200,3800,5500,7100,8100,9200,9400,9400,4092,1383,1100.0,1509.2254041016622,2.1758760001375776,9384.350327999982,8527.897360703812
1766626030,300,,Aggregated,49.200000,0.000000,1100,1600,2000,2200,3800,5500,7100,8100,9200,9400,9400,4092,1383,1100.0,1509.2254041016622,2.1758760001375776,9384.350327999982,8527.897360703812
1766626031,300,,Aggregated,48.900000,0.000000,1100,1600,1900,2200,3700,5400,7100,8000,9200,9400,9400,4245,1383,1100.0,1509.123234071614,2.1758760001375776,9384.350327999982,8586.629917550059
1766626032,300,,Aggregated,48.900000,0.000000,1100,1600,1900,2200,3700,5400,7100,8000,9200,9400,9400,4245,1383,1100.0,1509.123234071614,2.1758760001375776,9384.350327999982,8586.629917550059
1766626033,300,,Aggregated,48.900000,0.000000,1100,1600,1900,2200,3700,5400,7100,8000,9200,9400,9400,4245,1383,1100.0,1509.123234071614,2.1758760001375776,9384.350327999982,8586.629917550059
1766626034,300,,Aggregated,49.800000,0.000000,1200,1600,1900,2100,3600,5300,7000,8000,9200,9400,9400,4399,1383,1200.0,1512.3216442461926,2.1758760001375776,9384.350327999982,8652.700159127075
1766626035,300,,Aggregated,49.800000,0.000000,1200,1600,1900,2100,3600,5300,7000,8000,9200,9400,9400,4399,1383,1200.0,1512.3216442461926,2.1758760001375776,9384.350327999982,8652.700159127075
1766626036,300,,Aggregated,49.800000,0.000000,1200,1600,1900,2100,3600,5300,7000,8000,9200,9400,9400,4399,1383,1200.0,1512.3216442461926,2.1758760001375776,9384.350327999982,8652.700159127075
1766626037,300,,Aggregated,51.800000,0.000000,1200,1600,1900,2100,3400,5200,6900,7900,9200,9400,9400,4554,1384,1200.0,1505.7712780790519,2.1758760001375776,9384.350327999982,8711.991216512955
1766626038,300,,Aggregated,51.800000,0.000000,1200,1600,1900,2100,3400,5200,6900,7900,9200,9400,9400,4554,1384,1200.0,1505.7712780790519,2.1758760001375776,9384.350327999982,8711.991216512955
1766626039,300,,Aggregated,51.800000,0.000000,1200,1600,1900,2100,3400,5200,6900,7900,9200,9400,9400,4554,1384,1200.0,1505.7712780790519,2.1758760001375776,9384.350327999982,8711.991216512955
1766626040,300,,Aggregated,56.700000,0.100000,1200,1600,1800,2000,3300,5100,6800,7800,9200,9400,9400,4778,1384,1200.0,1457.4755140339064,2.1758760001375776,9384.350327999982,8729.996442025953
1766626041,300,,Aggregated,56.700000,0.100000,1200,1600,1800,2000,3300,5100,6800,7800,9200,9400,9400,4778,1384,1200.0,1457.4755140339064,2.1758760001375776,9384.350327999982,8729.996442025953
1766626042,300,,Aggregated,56.700000,0.100000,1200,1600,1800,2000,3300,5100,6800,7800,9200,9400,9400,4778,1384,1200.0,1457.4755140339064,2.1758760001375776,9384.350327999982,8729.996442025953
1766626043,300,,Aggregated,59.000000,0.100000,1100,1500,1800,2000,3200,5100,6700,7700,9200,9400,9400,4955,1384,1100.0,1409.778310394754,2.1758760001375776,9384.350327999982,8723.586276488395
1766626044,300,,Aggregated,59.000000,0.100000,1100,1500,1800,2000,3200,5100,6700,7700,9200,9400,9400,4955,1384,1100.0,1409.778310394754,2.1758760001375776,9384.350327999982,8723.586276488395
1766626045,300,,Aggregated,59.000000,0.100000,1100,1500,1800,2000,3200,5100,6700,7700,9200,9400,9400,4955,1384,1100.0,1409.778310394754,2.1758760001375776,9384.350327999982,8723.586276488395
1766626046,300,,Aggregated,60.400000,0.100000,1000,1500,1700,2000,3100,5100,6600,7700,9100,9400,9400,5159,1384,1000.0,1363.1578147228154,2.1758760001375776,9384.350327999982,8723.631323899981
1766626047,300,,Aggregated,60.400000,0.100000,1000,1500,1700,2000,3100,5100,6600,7700,9100,9400,9400,5159,1384,1000.0,1363.1578147228154,2.1758760001375776,9384.350327999982,8723.631323899981
1766626048,300,,Aggregated,60.400000,0.100000,1000,1500,1700,2000,3100,5100,6600,7700,9100,9400,9400,5159,1384,1000.0,1363.1578147228154,2.1758760001375776,9384.350327999982,8723.631323899981
1766626049,300,,Aggregated,65.100000,0.100000,1000,1500,1700,1900,3000,5000,6500,7600,9100,9400,9400,5346,1384,1000.0,1322.5054927830163,2.1758760001375776,9384.350327999982,8726.427048260382
1766626050,300,,Aggregated,65.100000,0.100000,1000,1500,1700,1900,3000,5000,6500,7600,9100,9400,9400,5346,1384,1000.0,1322.5054927830163,2.1758760001375776,9384.350327999982,8726.427048260382
1766626051,300,,Aggregated,65.100000,0.100000,1000,1500,1700,1900,3000,5000,6500,7600,9100,9400,9400,5346,1384,1000.0,1322.5054927830163,2.1758760001375776,9384.350327999982,8726.427048260382
1766626052,300,,Aggregated,61.300000,0.000000,940,1400,1700,1900,2900,5000,6400,7500,9100,9400,9400,5538,1384,940.0,1282.8452394590115,2.1758760001375776,9384.350327999982,8729.021849042976
1766626053,300,,Aggregated,61.300000,0.000000,940,1400,1700,1900,2900,5000,6400,7500,9100,9400,9400,5538,1384,940.0,1282.8452394590115,2.1758760001375776,9384.350327999982,8729.021849042976
1766626054,300,,Aggregated,61.300000,0.000000,940,1400,1700,1900,2900,5000,6400,7500,9100,9400,9400,5538,1384,940.0,1282.8452394590115,2.1758760001375776,9384.350327999982,8729.021849042976
1766626055,300,,Aggregated,62.600000,0.000000,880,1400,1700,1900,2800,5000,6400,7500,9100,9400,9400,5695,1384,880.0,1259.1233909388948,2.1758760001375776,9384.350327999982,8773.785601404741
1766626056,300,,Aggregated,62.600000,0.000000,880,1400,1700,1900,2800,5000,6400,7500,9100,9400,9400,5695,1384,880.0,1259.1233909388948,2.1758760001375776,9384.350327999982,8773.785601404741
1766626057,300,,Aggregated,62.600000,0.000000,880,1400,1700,1900,2800,5000,6400,7500,9100,9400,9400,5695,1384,880.0,1259.1233909388948,2.1758760001375776,9384.350327999982,8773.785601404741
1766626058,300,,Aggregated,58.000000,0.000000,860,1400,1700,1800,2800,4900,6300,7500,9100,9400,9400,5846,1384,860.0,1245.8038027157043,2.1758760001375776,9384.350327999982,8822.8407458091
1766626059,300,,Aggregated,58.000000,0.000000,860,1400,1700,1800,2800,4900,6300,7500,9100,9400,9400,5846,1384,860.0,1245.8038027157043,2.1758760001375776,9384.350327999982,8822.8407458091
1766626060,300,,Aggregated,58.000000,0.000000,860,1400,1700,1800,2800,4900,6300,7500,9100,9400,9400,5846,1384,860.0,1245.8038027157043,2.1758760001375776,9384.350327999982,8822.8407458091
1766626061,300,,Aggregated,56.100000,0.000000,830,1400,1600,1800,2700,4800,6200,7400,9000,9400,9400,6016,1384,830.0,1231.1069379308522,2.1758760001375776,9384.350327999982,8858.157579787234
1766626062,300,,Aggregated,56.100000,0.000000,830,1400,1600,1800,2700,4800,6200,7400,9000,9400,9400,6016,1384,830.0,1231.1069379308522,2.1758760001375776,9384.350327999982,8858.157579787234
1766626063,300,,Aggregated,56.100000,0.000000,830,1400,1600,1800,2700,4800,6200,7400,9000,9400,9400,6016,1384,830.0,1231.1069379308522,2.1758760001375776,9384.350327999982,8858.157579787234
1766626064,300,,Aggregated,54.000000,0.000000,850,1300,1600,1800,2700,4700,6200,7400,9000,9400,9400,6171,1384,850.0,1222.6735746862753,2.1758760001375776,9384.350327999982,8891.600713012478
1766626065,300,,Aggregated,54.000000,0.000000,850,1300,1600,1800,2700,4700,6200,7400,9000,9400,9400,6171,1384,850.0,1222.6735746862753,2.1758760001375776,9384.350327999982,8891.600713012478
1766626066,300,,Aggregated,54.000000,0.000000,850,1300,1600,1800,2700,4700,6200,7400,9000,9400,9400,6171,1384,850.0,1222.6735746862753,2.1758760001375776,9384.350327999982,8891.600713012478
1766626067,300,,Aggregated,53.300000,0.000000,870,1300,1600,1800,2600,4700,6200,7300,9000,9400,9400,6336,1384,870.0,1214.0618247329553,2.1758760001375776,9384.350327999982,8934.699968434343
1766626068,300,,Aggregated,53.300000,0.000000,870,1300,1600,1800,2600,4700,6200,7300,9000,9400,9400,6336,1384,870.0,1214.0618247329553,2.1758760001375776,9384.350327999982,8934.699968434343
1766626069,300,,Aggregated,53.300000,0.000000,870,1300,1600,1800,2600,4700,6200,7300,9000,9400,9400,6336,1384,870.0,1214.0618247329553,2.1758760001375776,9384.350327999982,8934.699968434343
1766626070,300,,Aggregated,54.500000,0.000000,890,1300,1600,1700,2600,4600,6100,7200,9000,9400,9400,6502,1384,890.0,1212.935942061982,2.1758760001375776,9384.350327999982,8984.168409720087
1766626071,300,,Aggregated,54.500000,0.000000,890,1300,1600,1700,2600,4600,6100,7200,9000,9400,9400,6502,1384,890.0,1212.935942061982,2.1758760001375776,9384.350327999982,8984.168409720087
1766626072,300,,Aggregated,54.500000,0.000000,890,1300,1600,1700,2600,4600,6100,7200,9000,9400,9400,6502,1384,890.0,1212.935942061982,2.1758760001375776,9384.350327999982,8984.168409720087
1766626073,300,,Aggregated,54.000000,0.000000,910,1300,1600,1700,2500,4500,6100,7200,9000,9400,9400,6661,1384,910.0,1211.1966079884412,2.1758760001375776,9384.350327999982,9018.792073262273
1766626074,300,,Aggregated,54.000000,0.000000,910,1300,1600,1700,2500,4500,6100,7200,9000,9400,9400,6661,1384,910.0,1211.1966079884412,2.1758760001375776,9384.350327999982,9018.792073262273
1766626075,300,,Aggregated,54.000000,0.000000,910,1300,1600,1700,2500,4500,6100,7200,9000,9400,9400,6661,1384,910.0,1211.1966079884412,2.1758760001375776,9384.350327999982,9018.792073262273
1766626076,300,,Aggregated,53.600000,0.000000,940,1300,1500,1700,2500,4400,6000,7200,9000,9400,9400,6832,1384,940.0,1209.2680253577296,2.1758760001375776,9384.350327999982,9053.043325526933
1766626077,300,,Aggregated,53.600000,0.000000,940,1300,1500,1700,2500,4400,6000,7200,9000,9400,9400,6832,1384,940.0,1209.2680253577296,2.1758760001375776,9384.350327999982,9053.043325526933
1766626078,300,,Aggregated,53.600000,0.000000,940,1300,1500,1700,2500,4400,6000,7200,9000,9400,9400,6832,1384,940.0,1209.2680253577296,2.1758760001375776,9384.350327999982,9053.043325526933
1766626079,300,,Aggregated,56.000000,0.000000,940,1300,1500,1700,2500,4400,6000,7200,9000,9400,9400,7009,1384,940.0,1200.6390120530762,2.1758760001375776,9384.350327999982,9083.282351262662
1766626080,300,,Aggregated,56.000000,0.000000,940,1300,1500,1700,2500,4400,6000,7200,9000,9400,9400,7009,1384,940.0,1200.6390120530762,2.1758760001375776,9384.350327999982,9083.282351262662
1766626081,300,,Aggregated,56.000000,0.000000,940,1300,1500,1700,2500,4400,6000,7200,9000,9400,9400,7009,1384,940.0,1200.6390120530762,2.1758760001375776,9384.350327999982,9083.282351262662
1766626082,300,,Aggregated,58.500000,0.000000,910,1300,1500,1700,2400,4300,6000,7200,9000,9400,9400,7185,1384,910.0,1183.3581406450949,2.1758760001375776,9384.350327999982,9113.427000695894
1766626083,300,,Aggregated,58.500000,0.000000,910,1300,1500,1700,2400,4300,6000,7200,9000,9400,9400,7185,1384,910.0,1183.3581406450949,2.1758760001375776,9384.350327999982,9113.427000695894
1766626085,300,,Aggregated,58.500000,0.000000,910,1300,1500,1700,2400,4300,6000,7200,9000,9400,9400,7185,1384,910.0,1183.3581406450949,2.1758760001375776,9384.350327999982,9113.427000695894
1766626086,300,,Aggregated,55.700000,0.100000,910,1200,1500,1700,2400,4200,6000,7200,9000,9400,9400,7339,1385,910.0,1177.7262244136812,2.1758760001375776,9384.350327999982,9140.14906663033
1766626087,300,,Aggregated,55.700000,0.100000,910,1200,1500,1700,2400,4200,6000,7200,9000,9400,9400,7339,1385,910.0,1177.7262244136812,2.1758760001375776,9384.350327999982,9140.14906663033
1766626088,300,,Aggregated,55.700000,0.100000,910,1200,1500,1700,2400,4200,6000,7200,9000,9400,9400,7339,1385,910.0,1177.7262244136812,2.1758760001375776,9384.350327999982,9140.14906663033
1766626089,300,,Aggregated,55.400000,0.100000,920,1200,1500,1700,2300,4100,6000,7200,9000,9400,9400,7493,1385,920.0,1173.9717453444555,2.1758760001375776,9384.350327999982,9164.324436140398
1766626090,300,,Aggregated,55.400000,0.100000,920,1200,1500,1700,2300,4100,6000,7200,9000,9400,9400,7493,1385,920.0,1173.9717453444555,2.1758760001375776,9384.350327999982,9164.324436140398
1766626091,300,,Aggregated,55.400000,0.100000,920,1200,1500,1700,2300,4100,6000,7200,9000,9400,9400,7493,1385,920.0,1173.9717453444555,2.1758760001375776,9384.350327999982,9164.324436140398
1766626092,300,,Aggregated,53.500000,0.100000,940,1200,1500,1600,2300,4100,5900,7100,9000,9400,9400,7647,1385,940.0,1171.9441019522696,2.1758760001375776,9384.350327999982,9188.113508565451
1766626093,300,,Aggregated,53.500000,0.100000,940,1200,1500,1600,2300,4100,5900,7100,9000,9400,9400,7647,1385,940.0,1171.9441019522696,2.1758760001375776,9384.350327999982,9188.113508565451
1766626094,300,,Aggregated,53.500000,0.100000,940,1200,1500,1600,2300,4100,5900,7100,9000,9400,9400,7647,1385,940.0,1171.9441019522696,2.1758760001375776,9384.350327999982,9188.113508565451
1766626095,300,,Aggregated,51.400000,0.100000,960,1200,1500,1600,2300,4000,5800,7100,9000,9400,9400,7794,1385,960.0,1173.4768190016687,2.1758760001375776,9384.350327999982,9211.87105465743
1766626096,300,,Aggregated,51.400000,0.100000,960,1200,1500,1600,2300,4000,5800,7100,9000,9400,9400,7794,1385,960.0,1173.4768190016687,2.1758760001375776,9384.350327999982,9211.87105465743
1766626097,300,,Aggregated,51.400000,0.100000,960,1200,1500,1600,2300,4000,5800,7100,9000,9400,9400,7794,1385,960.0,1173.4768190016687,2.1758760001375776,9384.350327999982,9211.87105465743
1766626098,300,,Aggregated,50.600000,0.000000,970,1300,1500,1600,2200,3900,5700,7100,9000,9400,9400,7959,1385,970.0,1177.6761595844962,2.1758760001375776,9384.350327999982,9240.311596934289
1766626099,300,,Aggregated,50.600000,0.000000,970,1300,1500,1600,2200,3900,5700,7100,9000,9400,9400,7959,1385,970.0,1177.6761595844962,2.1758760001375776,9384.350327999982,9240.311596934289
1766626100,300,,Aggregated,50.600000,0.000000,970,1300,1500,1600,2200,3900,5700,7100,9000,9400,9400,7959,1385,970.0,1177.6761595844962,2.1758760001375776,9384.350327999982,9240.311596934289
1766626101,300,,Aggregated,51.700000,0.000000,980,1300,1500,1600,2200,3800,5700,7100,9000,9400,9400,8121,1385,980.0,1182.8223318574073,2.1758760001375776,9384.350327999982,9264.237778598696
1766626102,300,,Aggregated,51.700000,0.000000,980,1300,1500,1600,2200,3800,5700,7100,9000,9400,9400,8121,1385,980.0,1182.8223318574073,2.1758760001375776,9384.350327999982,9264.237778598696
1766626103,300,,Aggregated,51.700000,0.000000,980,1300,1500,1600,2200,3800,5700,7100,9000,9400,9400,8121,1385,980.0,1182.8223318574073,2.1758760001375776,9384.350327999982,9264.237778598696
1766626104,300,,Aggregated,52.000000,0.000000,1000,1300,1500,1600,2200,3800,5700,7100,9000,9400,9400,8278,1385,1000.0,1183.857535063422,2.1758760001375776,9384.350327999982,9286.927760328581
1766626105,300,,Aggregated,52.000000,0.000000,1000,1300,1500,1600,2200,3800,5700,7100,9000,9400,9400,8278,1385,1000.0,1183.857535063422,2.1758760001375776,9384.350327999982,9286.927760328581
1766626106,300,,Aggregated,52.000000,0.000000,1000,1300,1500,1600,2200,3800,5700,7100,9000,9400,9400,8278,1385,1000.0,1183.857535063422,2.1758760001375776,9384.350327999982,9286.927760328581
1766626107,300,,Aggregated,53.300000,0.000000,1000,1300,1500,1600,2200,3700,5700,7100,9000,9400,9400,8442,1385,1000.0,1182.6378635026067,2.1758760001375776,9384.350327999982,9315.019663586827
1766626108,300,,Aggregated,53.300000,0.000000,1000,1300,1500,1600,2200,3700,5700,7100,9000,9400,9400,8442,1385,1000.0,1182.6378635026067,2.1758760001375776,9384.350327999982,9315.019663586827
1766626109,300,,Aggregated,53.300000,0.000000,1000,1300,1500,1600,2200,3700,5700,7100,9000,9400,9400,8442,1385,1000.0,1182.6378635026067,2.1758760001375776,9384.350327999982,9315.019663586827
1766626110,300,,Aggregated,53.600000,0.000000,1000,1300,1500,1600,2200,3700,5700,7000,9000,9400,9400,8613,1385,1000.0,1176.7274854019513,2.1758760001375776,9384.350327999982,9340.376523859282
1766626111,300,,Aggregated,53.600000,0.000000,1000,1300,1500,1600,2200,3700,5700,7000,9000,9400,9400,8613,1385,1000.0,1176.7274854019513,2.1758760001375776,9384.350327999982,9340.376523859282
1766626112,300,,Aggregated,53.600000,0.000000,1000,1300,1500,1600,2200,3700,5700,7000,9000,9400,9400,8613,1385,1000.0,1176.7274854019513,2.1758760001375776,9384.350327999982,9340.376523859282
1766626113,300,,Aggregated,56.100000,0.000000,990,1300,1500,1600,2100,3600,5700,7000,9000,9400,9400,8777,1385,990.0,1170.5144964117583,2.1758760001375776,9384.350327999982,9360.497778284152
1766626114,300,,Aggregated,56.100000,0.000000,990,1300,1500,1600,2100,3600,5700,7000,9000,9400,9400,8777,1385,990.0,1170.5144964117583,2.1758760001375776,9384.350327999982,9360.497778284152
1766626115,300,,Aggregated,56.100000,0.000000,990,1300,1500,1600,2100,3600,5700,7000,9000,9400,9400,8777,1385,990.0,1170.5144964117583,2.1758760001375776,9384.350327999982,9360.497778284152
1766626116,300,,Aggregated,55.700000,0.000000,990,1300,1500,1600,2100,3500,5700,7000,9000,9400,9400,8933,1385,990.0,1164.7508039333932,2.1758760001375776,9384.350327999982,9377.948841374679
1766626117,300,,Aggregated,55.700000,0.000000,990,1300,1500,1600,2100,3500,5700,7000,9000,9400,9400,8933,1385,990.0,1164.7508039333932,2.1758760001375776,9384.350327999982,9377.948841374679
1766626118,300,,Aggregated,51.900000,0.000000,990,1300,1400,1600,2100,3400,5700,6900,9000,9400,9400,9031,1385,990.0,1162.3756515184368,2.1758760001375776,9384.350327999982,9390.669471819288
1766626119,300,,Aggregated,54.200000,0.000000,990,1200,1400,1600,2100,3400,5700,6900,9000,9400,9400,9103,1385,990.0,1160.3429137642538,2.1758760001375776,9384.350327999982,9394.80039547402
1766626120,300,,Aggregated,54.200000,0.000000,990,1200,1400,1600,2100,3400,5700,6900,9000,9400,9400,9103,1385,990.0,1160.3429137642538,2.1758760001375776,9384.350327999982,9394.80039547402
1766626121,300,,Aggregated,54.400000,0.000000,990,1200,1400,1600,2100,3400,5700,6900,9000,9400,9400,9255,1385,990.0,1156.1517443768776,2.1758760001375776,9384.350327999982,9415.19016747704
1766626122,300,,Aggregated,54.400000,0.000000,990,1200,1400,1600,2100,3400,5700,6900,9000,9400,9400,9255,1385,990.0,1156.1517443768776,2.1758760001375776,9384.350327999982,9415.19016747704
1766626123,300,,Aggregated,54.400000,0.000000,990,1200,1400,1600,2100,3400,5700,6900,9000,9400,9400,9255,1385,990.0,1156.1517443768776,2.1758760001375776,9384.350327999982,9415.19016747704
1766626124,300,,Aggregated,54.300000,0.000000,990,1200,1400,1600,2100,3300,5700,6800,9000,9400,9400,9417,1385,990.0,1155.2037513539346,2.1758760001375776,9384.350327999982,9431.67431241372
1766626125,300,,Aggregated,54.300000,0.000000,990,1200,1400,1600,2100,3300,5700,6800,9000,9400,9400,9417,1385,990.0,1155.2037513539346,2.1758760001375776,9384.350327999982,9431.67431241372
1766626126,300,,Aggregated,54.300000,0.000000,990,1200,1400,1600,2100,3300,5700,6800,9000,9400,9400,9417,1385,990.0,1155.2037513539346,2.1758760001375776,9384.350327999982,9431.67431241372
1766626127,300,,Aggregated,54.100000,0.000000,1000,1200,1400,1500,2000,3300,5600,6800,9000,9400,9400,9579,1385,1000.0,1154.08212760664,2.1758760001375776,9384.350327999982,9443.804154922225
1766626128,300,,Aggregated,54.100000,0.000000,1000,1200,1400,1500,2000,3300,5600,6800,9000,9400,9400,9579,1385,1000.0,1154.08212760664,2.1758760001375776,9384.350327999982,9443.804154922225
1766626129,300,,Aggregated,54.100000,0.000000,1000,1200,1400,1500,2000,3300,5600,6800,9000,9400,9400,9579,1385,1000.0,1154.08212760664,2.1758760001375776,9384.350327999982,9443.804154922225
1766626130,300,,Aggregated,53.900000,0.000000,1000,1200,1400,1500,2000,3200,5600,6700,9000,9400,9400,9747,1385,1000.0,1153.9917795579156,2.1758760001375776,9384.350327999982,9469.288806812352
1766626131,300,,Aggregated,53.900000,0.000000,1000,1200,1400,1500,2000,3200,5600,6700,9000,9400,9400,9747,1385,1000.0,1153.9917795579156,2.1758760001375776,9384.350327999982,9469.288806812352
1766626132,300,,Aggregated,53.900000,0.000000,1000,1200,1400,1500,2000,3200,5600,6700,9000,9400,9400,9747,1385,1000.0,1153.9917795579156,2.1758760001375776,9384.350327999982,9469.288806812352
1766626133,300,,Aggregated,54.400000,0.000000,1000,1300,1400,1500,2000,3200,5500,6700,9000,9400,9400,9896,1385,1000.0,1155.3244228561039,2.1758760001375776,9384.350327999982,9488.26495553759
1766626134,300,,Aggregated,54.400000,0.000000,1000,1300,1400,1500,2000,3200,5500,6700,9000,9400,9400,9896,1385,1000.0,1155.3244228561039,2.1758760001375776,9384.350327999982,9488.26495553759
1766626135,300,,Aggregated,54.400000,0.000000,1000,1300,1400,1500,2000,3200,5500,6700,9000,9400,9400,9896,1385,1000.0,1155.3244228561039,2.1758760001375776,9384.350327999982,9488.26495553759
1766626136,300,,Aggregated,53.000000,0.000000,1000,1300,1400,1500,2000,3100,5500,6700,9000,9300,9400,10077,1385,1000.0,1157.150927889154,2.1758760001375776,9384.350327999982,9507.552545400416
1766626137,300,,Aggregated,53.000000,0.000000,1000,1300,1400,1500,2000,3100,5500,6700,9000,9300,9400,10077,1385,1000.0,1157.150927889154,2.1758760001375776,9384.350327999982,9507.552545400416
1766626138,300,,Aggregated,53.000000,0.000000,1000,1300,1400,1500,2000,3100,5500,6700,9000,9300,9400,10077,1385,1000.0,1157.150927889154,2.1758760001375776,9384.350327999982,9507.552545400416
1766626139,300,,Aggregated,56.300000,0.000000,1000,1300,1400,1500,2000,3100,5500,6600,9000,9300,9400,10239,1385,1000.0,1156.3358537301497,2.1758760001375776,9384.350327999982,9526.507666764332
1766626140,300,,Aggregated,56.300000,0.000000,1000,1300,1400,1500,2000,3100,5500,6600,9000,9300,9400,10239,1385,1000.0,1156.3358537301497,2.1758760001375776,9384.350327999982,9526.507666764332
1766626141,300,,Aggregated,56.300000,0.000000,1000,1300,1400,1500,2000,3100,5500,6600,9000,9300,9400,10239,1385,1000.0,1156.3358537301497,2.1758760001375776,9384.350327999982,9526.507666764332
1766626142,300,,Aggregated,55.200000,0.000000,1000,1300,1400,1500,2000,3000,5400,6500,9000,9300,9400,10410,1385,1000.0,1156.1683762719501,2.1758760001375776,9384.350327999982,9539.324303554275
1766626143,300,,Aggregated,55.200000,0.000000,1000,1300,1400,1500,2000,3000,5400,6500,9000,9300,9400,10410,1385,1000.0,1156.1683762719501,2.1758760001375776,9384.350327999982,9539.324303554275
1766626144,300,,Aggregated,55.200000,0.000000,1000,1300,1400,1500,2000,3000,5400,6500,9000,9300,9400,10410,1385,1000.0,1156.1683762719501,2.1758760001375776,9384.350327999982,9539.324303554275
1766626145,300,,Aggregated,56.000000,0.000000,1000,1300,1400,1500,2000,3000,5400,6500,9000,9300,9400,10559,1385,1000.0,1156.702369147836,2.1758760001375776,9384.350327999982,9554.645989203524
1766626146,300,,Aggregated,56.000000,0.000000,1000,1300,1400,1500,2000,3000,5400,6500,9000,9300,9400,10559,1385,1000.0,1156.702369147836,2.1758760001375776,9384.350327999982,9554.645989203524
1766626147,300,,Aggregated,56.000000,0.000000,1000,1300,1400,1500,2000,3000,5400,6500,9000,9300,9400,10559,1385,1000.0,1156.702369147836,2.1758760001375776,9384.350327999982,9554.645989203524
1766626148,300,,Aggregated,54.700000,0.000000,1000,1300,1400,1500,2000,3000,5300,6500,9000,9300,9400,10721,1385,1000.0,1158.416259733607,2.1758760001375776,9384.350327999982,9565.049808786494
1766626149,300,,Aggregated,54.700000,0.000000,1000,1300,1400,1500,2000,3000,5300,6500,9000,9300,9400,10721,1385,1000.0,1158.416259733607,2.1758760001375776,9384.350327999982,9565.049808786494
1766626150,300,,Aggregated,54.700000,0.000000,1000,1300,1400,1500,2000,3000,5300,6500,9000,9300,9400,10721,1385,1000.0,1158.416259733607,2.1758760001375776,9384.350327999982,9565.049808786494
1766626151,300,,Aggregated,52.800000,0.000000,1000,1300,1400,1500,1900,3000,5300,6500,9000,9300,9400,10872,1385,1000.0,1154.9165655876564,2.1758760001375776,9384.350327999982,9582.816685062546
1766626152,300,,Aggregated,52.800000,0.000000,1000,1300,1400,1500,1900,3000,5300,6500,9000,9300,9400,10872,1385,1000.0,1154.9165655876564,2.1758760001375776,9384.350327999982,9582.816685062546
1766626153,300,,Aggregated,52.800000,0.000000,1000,1300,1400,1500,1900,3000,5300,6500,9000,9300,9400,10872,1385,1000.0,1154.9165655876564,2.1758760001375776,9384.350327999982,9582.816685062546
1766626154,300,,Aggregated,51.800000,0.000000,1000,1300,1400,1500,1900,2900,5300,6400,8900,9300,9400,11050,1385,1000.0,1148.0393674816291,2.1758760001375776,9384.350327999982,9596.573031674208
1766626155,300,,Aggregated,51.800000,0.000000,1000,1300,1400,1500,1900,2900,5300,6400,8900,9300,9400,11050,1385,1000.0,1148.0393674816291,2.1758760001375776,9384.350327999982,9596.573031674208
1766626156,300,,Aggregated,51.800000,0.000000,1000,1300,1400,1500,1900,2900,5300,6400,8900,9300,9400,11050,1385,1000.0,1148.0393674816291,2.1758760001375776,9384.350327999982,9596.573031674208
1766626157,300,,Aggregated,54.300000,0.000000,1000,1300,1400,1500,1900,2900,5200,6400,8900,9300,9400,11219,1385,1000.0,1141.0413096778677,2.1758760001375776,9384.350327999982,9610.774757108476
1766626158,300,,Aggregated,54.300000,0.000000,1000,1300,1400,1500,1900,2900,5200,6400,8900,9300,9400,11219,1385,1000.0,1141.0413096778677,2.1758760001375776,9384.350327999982,9610.774757108476
1766626159,300,,Aggregated,54.300000,0.000000,1000,1300,1400,1500,1900,2900,5200,6400,8900,9300,9400,11219,1385,1000.0,1141.0413096778677,2.1758760001375776,9384.350327999982,9610.774757108476
1766626160,300,,Aggregated,55.200000,0.000000,1000,1200,1400,1500,1900,2800,5200,6400,8900,9300,9400,11389,1385,1000.0,1132.422199719115,2.1758760001375776,9384.350327999982,9621.894196154184
1766626161,300,,Aggregated,55.200000,0.000000,1000,1200,1400,1500,1900,2800,5200,6400,8900,9300,9400,11389,1385,1000.0,1132.422199719115,2.1758760001375776,9384.350327999982,9621.894196154184
1766626162,300,,Aggregated,55.200000,0.000000,1000,1200,1400,1500,1900,2800,5200,6400,8900,9300,9400,11389,1385,1000.0,1132.422199719115,2.1758760001375776,9384.350327999982,9621.894196154184
1766626163,300,,Aggregated,57.100000,0.000000,1000,1200,1400,1500,1900,2800,5200,6400,8900,9300,9400,11532,1385,1000.0,1127.557098253729,2.1758760001375776,9384.350327999982,9630.31677072494
1766626164,300,,Aggregated,57.100000,0.000000,1000,1200,1400,1500,1900,2800,5200,6400,8900,9300,9400,11532,1385,1000.0,1127.557098253729,2.1758760001375776,9384.350327999982,9630.31677072494
1766626165,300,,Aggregated,57.100000,0.000000,1000,1200,1400,1500,1900,2800,5200,6400,8900,9300,9400,11532,1385,1000.0,1127.557098253729,2.1758760001375776,9384.350327999982,9630.31677072494
1766626166,300,,Aggregated,55.500000,0.000000,1000,1200,1400,1500,1900,2800,5100,6300,8900,9300,9400,11722,1385,1000.0,1122.4527955700396,2.1758760001375776,9384.350327999982,9653.02883466985
1766626167,300,,Aggregated,55.500000,0.000000,1000,1200,1400,1500,1900,2800,5100,6300,8900,9300,9400,11722,1385,1000.0,1122.4527955700396,2.1758760001375776,9384.350327999982,9653.02883466985
1766626168,300,,Aggregated,55.500000,0.000000,1000,1200,1400,1500,1900,2800,5100,6300,8900,9300,9400,11722,1385,1000.0,1122.4527955700396,2.1758760001375776,9384.350327999982,9653.02883466985
1766626169,300,,Aggregated,55.700000,0.000000,990,1200,1400,1500,1900,2700,5100,6300,8900,9300,9400,11899,1385,990.0,1115.4579818881418,2.1758760001375776,9384.350327999982,9665.435414740734
1766626170,300,,Aggregated,55.700000,0.000000,990,1200,1400,1500,1900,2700,5100,6300,8900,9300,9400,11899,1385,990.0,1115.4579818881418,2.1758760001375776,9384.350327999982,9665.435414740734
1766626171,300,,Aggregated,55.700000,0.000000,990,1200,1400,1500,1900,2700,5100,6300,8900,9300,9400,11899,1385,990.0,1115.4579818881418,2.1758760001375776,9384.350327999982,9665.435414740734
1766626172,300,,Aggregated,57.900000,0.000000,980,1200,1400,1500,1900,2700,5100,6200,8900,9300,9400,12067,1385,980.0,1108.3720106997598,2.1758760001375776,9384.350327999982,9669.938592856552
1766626173,300,,Aggregated,57.900000,0.000000,980,1200,1400,1500,1900,2700,5100,6200,8900,9300,9400,12067,1385,980.0,1108.3720106997598,2.1758760001375776,9384.350327999982,9669.938592856552
1766626174,300,,Aggregated,57.900000,0.000000,980,1200,1400,1500,1900,2700,5100,6200,8900,9300,9400,12067,1385,980.0,1108.3720106997598,2.1758760001375776,9384.350327999982,9669.938592856552
1766626175,300,,Aggregated,58.300000,0.000000,970,1200,1400,1500,1800,2700,5100,6200,8900,9300,9400,12229,1385,970.0,1102.6932414282444,2.1758760001375776,9384.350327999982,9678.175811595387
1766626176,300,,Aggregated,58.300000,0.000000,970,1200,1400,1500,1800,2700,5100,6200,8900,9300,9400,12229,1385,970.0,1102.6932414282444,2.1758760001375776,9384.350327999982,9678.175811595387
1766626177,300,,Aggregated,58.300000,0.000000,970,1200,1400,1500,1800,2700,5100,6200,8900,9300,9400,12229,1385,970.0,1102.6932414282444,2.1758760001375776,9384.350327999982,9678.175811595387
1766626178,300,,Aggregated,56.100000,0.000000,960,1200,1400,1500,1800,2700,5100,6200,8900,9300,9400,12408,1385,960.0,1096.8659379267408,2.1758760001375776,9384.350327999982,9687.935686653771
1766626179,300,,Aggregated,56.100000,0.000000,960,1200,1400,1500,1800,2700,5100,6200,8900,9300,9400,12408,1385,960.0,1096.8659379267408,2.1758760001375776,9384.350327999982,9687.935686653771
1766626180,300,,Aggregated,56.100000,0.000000,960,1200,1400,1500,1800,2700,5100,6200,8900,9300,9400,12408,1385,960.0,1096.8659379267408,2.1758760001375776,9384.350327999982,9687.935686653771
1766626182,300,,Aggregated,56.700000,0.000000,950,1200,1300,1400,1800,2700,5100,6200,8900,9300,9400,12549,1385,950.0,1092.3978454050523,2.1758760001375776,9384.350327999982,9693.147342417722
1766626183,300,,Aggregated,56.700000,0.000000,950,1200,1300,1400,1800,2700,5100,6200,8900,9300,9400,12549,1385,950.0,1092.3978454050523,2.1758760001375776,9384.350327999982,9693.147342417722
1766626184,300,,Aggregated,56.700000,0.000000,950,1200,1300,1400,1800,2700,5100,6200,8900,9300,9400,12549,1385,950.0,1092.3978454050523,2.1758760001375776,9384.350327999982,9693.147342417722
1766626185,300,,Aggregated,53.200000,0.000000,950,1200,1300,1400,1800,2600,5100,6200,8900,9300,9400,12714,1385,950.0,1089.4918880480573,2.1758760001375776,9384.350327999982,9705.361412616014
1766626186,300,,Aggregated,53.200000,0.000000,950,1200,1300,1400,1800,2600,5100,6200,8900,9300,9400,12714,1385,950.0,1089.4918880480573,2.1758760001375776,9384.350327999982,9705.361412616014
1766626187,300,,Aggregated,53.200000,0.000000,950,1200,1300,1400,1800,2600,5100,6200,8900,9300,9400,12714,1385,950.0,1089.4918880480573,2.1758760001375776,9384.350327999982,9705.361412616014
1766626188,300,,Aggregated,53.900000,0.000000,940,1200,1300,1400,1800,2600,5100,6100,8900,9300,9400,12850,1385,940.0,1085.9592145502725,2.1758760001375776,9384.350327999982,9716.301167315176
1766626189,300,,Aggregated,53.900000,0.000000,940,1200,1300,1400,1800,2600,5100,6100,8900,9300,9400,12850,1385,940.0,1085.9592145502725,2.1758760001375776,9384.350327999982,9716.301167315176
1766626190,300,,Aggregated,53.900000,0.000000,940,1200,1300,1400,1800,2600,5100,6100,8900,9300,9400,12850,1385,940.0,1085.9592145502725,2.1758760001375776,9384.350327999982,9716.301167315176
1766626191,300,,Aggregated,50.000000,0.000000,940,1200,1300,1400,1800,2600,5100,6100,8900,9300,9400,13024,1385,940.0,1084.3268784087838,2.1758760001375776,9384.350327999982,9728.302364864865
1766626192,300,,Aggregated,50.000000,0.000000,940,1200,1300,1400,1800,2600,5100,6100,8900,9300,9400,13024,1385,940.0,1084.3268784087838,2.1758760001375776,9384.350327999982,9728.302364864865
1766626193,300,,Aggregated,50.000000,0.000000,940,1200,1300,1400,1800,2600,5100,6100,8900,9300,9400,13024,1385,940.0,1084.3268784087838,2.1758760001375776,9384.350327999982,9728.302364864865
1766626194,300,,Aggregated,54.200000,0.000000,930,1200,1300,1400,1800,2500,5000,6100,8900,9300,9400,13222,1385,930.0,1076.9668139756466,2.1758760001375776,9384.350327999982,9737.953789139314
1766626195,300,,Aggregated,54.200000,0.000000,930,1200,1300,1400,1800,2500,5000,6100,8900,9300,9400,13222,1385,930.0,1076.9668139756466,2.1758760001375776,9384.350327999982,9737.953789139314
1766626196,300,,Aggregated,54.200000,0.000000,930,1200,1300,1400,1800,2500,5000,6100,8900,9300,9400,13222,1385,930.0,1076.9668139756466,2.1758760001375776,9384.350327999982,9737.953789139314
1766626197,300,,Aggregated,55.100000,0.000000,920,1200,1300,1400,1800,2500,5000,6100,8900,9300,9400,13396,1385,920.0,1068.058959393849,2.1758760001375776,9384.350327999982,9750.500447894894
1766626198,300,,Aggregated,55.100000,0.000000,920,1200,1300,1400,1800,2500,5000,6100,8900,9300,9400,13396,1385,920.0,1068.058959393849,2.1758760001375776,9384.350327999982,9750.500447894894
1766626199,300,,Aggregated,55.100000,0.000000,920,1200,1300,1400,1800,2500,5000,6100,8900,9300,9400,13396,1385,920.0,1068.058959393849,2.1758760001375776,9384.350327999982,9750.500447894894
1766626200,300,,Aggregated,60.400000,0.000000,910,1200,1300,1400,1800,2500,5000,6000,8900,9300,9400,13555,1385,910.0,1060.1904097293254,2.1758760001375776,9384.350327999982,9762.534046477314
1766626201,300,,Aggregated,60.400000,0.000000,910,1200,1300,1400,1800,2500,5000,6000,8900,9300,9400,13555,1385,910.0,1060.1904097293254,2.1758760001375776,9384.350327999982,9762.534046477314
1766626202,300,,Aggregated,60.400000,0.000000,910,1200,1300,1400,1800,2500,5000,6000,8900,9300,9400,13555,1385,910.0,1060.1904097293254,2.1758760001375776,9384.350327999982,9762.534046477314
1766626203,300,,Aggregated,59.500000,0.000000,900,1200,1300,1400,1800,2500,5000,6000,8900,9300,9400,13718,1385,900.0,1052.8781952290426,2.1758760001375776,9384.350327999982,9770.990596296837
1766626204,300,,Aggregated,59.500000,0.000000,900,1200,1300,1400,1800,2500,5000,6000,8900,9300,9400,13718,1385,900.0,1052.8781952290426,2.1758760001375776,9384.350327999982,9770.990596296837
1766626205,300,,Aggregated,59.500000,0.000000,900,1200,1300,1400,1800,2500,5000,6000,8900,9300,9400,13718,1385,900.0,1052.8781952290426,2.1758760001375776,9384.350327999982,9770.990596296837
1766626206,300,,Aggregated,55.000000,0.000000,890,1100,1300,1400,1700,2500,5000,6000,8900,9300,9400,13884,1385,890.0,1048.6717395615822,2.1758760001375776,9384.350327999982,9779.975007202534
1766626207,300,,Aggregated,55.000000,0.000000,890,1100,1300,1400,1700,2500,5000,6000,8900,9300,9400,13884,1385,890.0,1048.6717395615822,2.1758760001375776,9384.350327999982,9779.975007202534
1766626208,300,,Aggregated,55.000000,0.000000,890,1100,1300,1400,1700,2500,5000,6000,8900,9300,9400,13884,1385,890.0,1048.6717395615822,2.1758760001375776,9384.350327999982,9779.975007202534
1766626209,300,,Aggregated,53.900000,0.000000,900,1100,1300,1400,1700,2500,5000,6000,8800,9300,9400,14043,1385,900.0,1047.8149685459666,2.1758760001375776,9384.350327999982,9791.517766858933
1766626210,300,,Aggregated,53.900000,0.000000,900,1100,1300,1400,1700,2500,5000,6000,8800,9300,9400,14043,1385,900.0,1047.8149685459666,2.1758760001375776,9384.350327999982,9791.517766858933
1766626211,300,,Aggregated,53.900000,0.000000,900,1100,1300,1400,1700,2500,5000,6000,8800,9300,9400,14043,1385,900.0,1047.8149685459666,2.1758760001375776,9384.350327999982,9791.517766858933
1766626212,300,,Aggregated,53.700000,0.000000,900,1100,1300,1400,1700,2400,5000,6000,8800,9300,9400,14211,1385,900.0,1046.8410135357126,2.1758760001375776,9384.350327999982,9800.209415241714
1766626213,300,,Aggregated,53.700000,0.000000,900,1100,1300,1400,1700,2400,5000,6000,8800,9300,9400,14211,1385,900.0,1046.8410135357126,2.1758760001375776,9384.350327999982,9800.209415241714
1766626214,300,,Aggregated,53.700000,0.000000,900,1100,1300,1400,1700,2400,5000,6000,8800,9300,9400,14211,1385,900.0,1046.8410135357126,2.1758760001375776,9384.350327999982,9800.209415241714
1766626215,300,,Aggregated,54.700000,0.000000,900,1100,1300,1400,1700,2400,5000,6000,8800,9300,9400,14386,1385,900.0,1043.5556508599338,2.1758760001375776,9384.350327999982,9809.285555401084
1766626216,300,,Aggregated,54.700000,0.000000,900,1100,1300,1400,1700,2400,5000,6000,8800,9300,9400,14386,1385,900.0,1043.5556508599338,2.1758760001375776,9384.350327999982,9809.285555401084
1766626217,300,,Aggregated,54.700000,0.000000,900,1100,1300,1400,1700,2400,5000,6000,8800,9300,9400,14386,1385,900.0,1043.5556508599338,2.1758760001375776,9384.350327999982,9809.285555401084
1766626218,300,,Aggregated,55.400000,0.000000,890,1100,1300,1400,1700,2400,4900,6000,8800,9300,9400,14526,1385,890.0,1037.8622978482726,2.1758760001375776,9384.350327999982,9815.552939556657
1766626219,300,,Aggregated,55.400000,0.000000,890,1100,1300,1400,1700,2400,4900,6000,8800,9300,9400,14526,1385,890.0,1037.8622978482726,2.1758760001375776,9384.350327999982,9815.552939556657
1766626220,300,,Aggregated,51.400000,0.000000,890,1100,1300,1400,1700,2400,4900,6000,8800,9300,9400,14605,1386,890.0,1037.6648647787067,2.1758760001375776,9384.350327999982,9817.714344402602
1766626221,300,,Aggregated,53.300000,0.000000,900,1100,1300,1400,1700,2400,4900,6000,8800,9300,9400,14695,1386,900.0,1037.0418095754346,2.1758760001375776,9384.350327999982,9822.711126233413
1766626222,300,,Aggregated,53.300000,0.000000,900,1100,1300,1400,1700,2400,4900,6000,8800,9300,9400,14695,1386,900.0,1037.0418095754346,2.1758760001375776,9384.350327999982,9822.711126233413
1766626223,300,,Aggregated,53.000000,0.100000,900,1100,1300,1400,1700,2400,4900,6000,8800,9300,9400,14843,1386,900.0,1039.8256750597595,2.1758760001375776,9384.350327999982,9836.149700195378
1766626224,300,,Aggregated,53.000000,0.100000,900,1100,1300,1400,1700,2400,4900,6000,8800,9300,9400,14843,1386,900.0,1039.8256750597595,2.1758760001375776,9384.350327999982,9836.149700195378
1766626225,300,,Aggregated,53.000000,0.100000,900,1100,1300,1400,1700,2400,4900,6000,8800,9300,9400,14843,1386,900.0,1039.8256750597595,2.1758760001375776,9384.350327999982,9836.149700195378
1766626226,300,,Aggregated,51.900000,0.100000,910,1100,1300,1400,1700,2300,4800,6000,8800,9300,9400,14984,1386,910.0,1043.2772368383617,2.1758760001375776,9384.350327999982,9849.14081687133
1766626227,300,,Aggregated,51.900000,0.100000,910,1100,1300,1400,1700,2300,4800,6000,8800,9300,9400,14984,1386,910.0,1043.2772368383617,2.1758760001375776,9384.350327999982,9849.14081687133
1766626228,300,,Aggregated,51.900000,0.100000,910,1100,1300,1400,1700,2300,4800,6000,8800,9300,9400,14984,1386,910.0,1043.2772368383617,2.1758760001375776,9384.350327999982,9849.14081687133
1766626229,300,,Aggregated,49.400000,0.100000,910,1200,1300,1400,1800,2300,4800,5900,8800,9300,9400,15137,1386,910.0,1049.9973507115685,2.1758760001375776,9384.350327999982,9855.967496861993
1766626230,300,,Aggregated,49.400000,0.100000,910,1200,1300,1400,1800,2300,4800,5900,8800,9300,9400,15137,1386,910.0,1049.9973507115685,2.1758760001375776,9384.350327999982,9855.967496861993
1766626231,300,,Aggregated,49.400000,0.100000,910,1200,1300,1400,1800,2300,4800,5900,8800,9300,9400,15137,1386,910.0,1049.9973507115685,2.1758760001375776,9384.350327999982,9855.967496861993
1766626232,300,,Aggregated,50.200000,0.000000,920,1200,1300,1400,1800,2300,4800,5900,8800,9300,9400,15293,1386,920.0,1056.5364395029108,2.1758760001375776,9384.350327999982,9868.260119008697
1766626233,300,,Aggregated,50.200000,0.000000,920,1200,1300,1400,1800,2300,4800,5900,8800,9300,9400,15293,1386,920.0,1056.5364395029108,2.1758760001375776,9384.350327999982,9868.260119008697
1766626234,300,,Aggregated,50.200000,0.000000,920,1200,1300,1400,1800,2300,4800,5900,8800,9300,9400,15293,1386,920.0,1056.5364395029108,2.1758760001375776,9384.350327999982,9868.260119008697
1766626235,300,,Aggregated,50.100000,0.000000,930,1200,1300,1400,1800,2300,4700,5800,8800,9300,9400,15454,1386,930.0,1060.0070508161648,2.1758760001375776,9384.350327999982,9875.147664035201
1766626236,300,,Aggregated,50.100000,0.000000,930,1200,1300,1400,1800,2300,4700,5800,8800,9300,9400,15454,1386,930.0,1060.0070508161648,2.1758760001375776,9384.350327999982,9875.147664035201
1766626237,300,,Aggregated,50.100000,0.000000,930,1200,1300,1400,1800,2300,4700,5800,8800,9300,9400,15454,1386,930.0,1060.0070508161648,2.1758760001375776,9384.350327999982,9875.147664035201
1766626238,300,,Aggregated,51.900000,0.000000,930,1200,1300,1400,1800,2300,4700,5800,8800,9300,9400,15626,1386,930.0,1060.0825600949709,2.1758760001375776,9384.350327999982,9879.511903238194
1766626239,300,,Aggregated,51.900000,0.000000,930,1200,1300,1400,1800,2300,4700,5800,8800,9300,9400,15626,1386,930.0,1060.0825600949709,2.1758760001375776,9384.350327999982,9879.511903238194
1766626240,300,,Aggregated,51.900000,0.000000,930,1200,1300,1400,1800,2300,4700,5800,8800,9300,9400,15626,1386,930.0,1060.0825600949709,2.1758760001375776,9384.350327999982,9879.511903238194
1766626241,300,,Aggregated,53.800000,0.000000,940,1200,1300,1400,1800,2300,4700,5800,8800,9300,9400,15780,1386,940.0,1061.1286259726246,2.1758760001375776,9384.350327999982,9891.079847908744
1766626242,300,,Aggregated,53.800000,0.000000,940,1200,1300,1400,1800,2300,4700,5800,8800,9300,9400,15780,1386,940.0,1061.1286259726246,2.1758760001375776,9384.350327999982,9891.079847908744
1766626243,300,,Aggregated,53.800000,0.000000,940,1200,1300,1400,1800,2300,4700,5800,8800,9300,9400,15780,1386,940.0,1061.1286259726246,2.1758760001375776,9384.350327999982,9891.079847908744
1766626244,300,,Aggregated,53.800000,0.000000,940,1200,1300,1400,1800,2300,4700,5700,8800,9300,9400,15935,1386,940.0,1066.092217958771,2.1758760001375776,9384.350327999982,9896.302416065266
