Pod,CPU Requests %,CPU Limits %,Memory Requests %,Memory Limits %
cartservice-5784f94fb6-qqnr9,6.62%,4.41%,83.0%,41.5%
emailservice-57c9dccfdf-g2w8k,3.65%,0.912%,66.5%,33.2%
adservice-b4856c769-xn5km,6.33%,4.22%,48.6%,29.1%
currencyservice-66c885779c-tmlb2,17.3%,8.66%,41.6%,20.8%
paymentservice-656fb48df5-lnfwg,1.07%,0.535%,33.5%,16.7%
recommendationservice-85cc576f9c-qnzjw,17.0%,4.25%,18.7%,9.15%
checkoutservice-56c5cffd57-c4w4c,1.18%,0.588%,18.3%,9.16%
frontend-5965c589c8-txr58,16.2%,8.12%,15.9%,7.94%
productcatalogservice-5db55dcfbc-dqbgf,8.63%,4.31%,12.5%,6.24%
shippingservice-7fdc84f79-vw2xp,1.10%,0.548%,11.6%,5.81%
redis-cart-c4fc658fb-xpx6x,4.77%,2.67%,2.38%,1.86%