Type,Name,Request Count,Failure Count,Median Response Time,Average Response Time,Min Response Time,Max Response Time,Average Content Size,Requests/s,Failures/s,50%,66%,75%,80%,90%,95%,98%,99%,99.9%,99.99%,100%
GET,/,227,0,6600.0,5843.895417088106,423.72429299999226,8167.334020999988,10849.784140969163,12.39858066270857,0.0,6600,7000,7200,7200,7600,7800,7900,8000,8200,8200,8200
GET,/cart,42,0,1400.0,1260.049179714284,14.17207200000803,2142.2808309999937,7508.047619047619,2.2940105190914535,0.0,1400,1700,1800,1800,1900,2000,2100,2100,2100,2100,2100
POST,/cart,43,0,1200.0,1336.4136964186046,21.243472999998403,3282.2613320000187,16697.837209302324,2.3486298171650595,0.0,1200,1800,1800,2100,2700,2900,3300,3300,3300,3300,3300
POST,/cart/checkout,19,0,290.0,574.5783204736827,86.38264499998627,2063.387243999983,6982.736842105263,1.0377666633985145,0.0,290,810,980,1000,1600,2100,2100,2100,2100,2100,2100
GET,/product/0PUK6V6EV0,22,0,1300.0,1433.5064797727262,17.476563999991868,2440.018589000005,8131.045454545455,1.2016245576193327,0.0,1400,2000,2000,2100,2300,2300,2400,2400,2400,2400,2400
GET,/product/1YMWWN1N4O,16,0,1300.0,1365.133769437497,42.6455580000038,2408.020693999987,8159.125,0.8739087691776966,0.0,1500,1700,2100,2100,2300,2400,2400,2400,2400,2400,2400
GET,/product/2ZYFJ3GM2N,31,0,1400.0,1439.7628744516153,170.83426199999963,2437.0342830000027,8117.0,1.6931982402817871,0.0,1400,1700,1900,1900,2100,2300,2400,2400,2400,2400,2400
GET,/product/66VCHSJNUP,22,0,1400.0,1453.0527857272723,27.200999000001502,2436.55499099998,8116.954545454545,1.2016245576193327,0.0,1500,1800,1900,2100,2200,2400,2400,2400,2400,2400,2400
GET,/product/6E92ZMYYFZ,23,0,1400.0,1184.5869303478282,16.905051000009053,2413.5044559999983,8100.0,1.2562438556929387,0.0,1400,1700,1800,1800,1900,1900,2400,2400,2400,2400,2400
GET,/product/9SIQT8TOJO,22,0,1700.0,1602.6143296363632,75.21539800001165,2546.0146919999997,8145.454545454545,1.2016245576193327,0.0,1800,1800,2100,2200,2300,2400,2500,2500,2500,2500,2500
GET,/product/L9ECAV7KIM,30,0,1300.0,1362.8952804666671,15.253168000015194,2381.1403830000017,8107.733333333334,1.638578942208181,0.0,1300,1600,1700,2000,2000,2200,2400,2400,2400,2400,2400
GET,/product/LS4PSXUNUM,19,0,1500.0,1344.8529726842125,26.198448000002372,2318.022796999998,8073.368421052632,1.0377666633985145,0.0,1500,1700,1800,2000,2100,2300,2300,2300,2300,2300,2300
GET,/product/OLJCESPC7Z,21,0,1500.0,1612.366078619049,15.291129999980058,2439.9631590000013,8153.523809523809,1.1470052595457267,0.0,1500,1700,2100,2200,2300,2400,2400,2400,2400,2400,2400
POST,/setCurrency,23,0,2300.0,2836.649578347831,74.42689999999175,7617.0571420000215,10868.304347826086,1.2562438556929387,0.0,2300,3600,3700,3700,6700,7300,7600,7600,7600,7600,7600
,Aggregated,560,0,2000.0,3224.8087553928576,14.17207200000803,8167.334020999988,9914.05,30.586806921219377,0.0,2000,3600,6200,6800,7200,7300,7800,7900,8200,8200,8200