Type,Name,Request Count,Failure Count,Median Response Time,Average Response Time,Min Response Time,Max Response Time,Average Content Size,Requests/s,Failures/s,50%,66%,75%,80%,90%,95%,98%,99%,99.9%,99.99%,100%
GET,/,39,0,26,28.232710923078503,21.248936000006324,56.10663600000976,10893.71794871795,0.13034476789602656,0.0,26,27,28,29,43,54,56,56,56,56,56
GET,/cart,77,0,20,20.379870207795218,13.964510999983304,42.2008809999852,13626.883116883117,0.2573473622562576,0.0,20,21,22,23,24,32,39,42,42,42,42
POST,/cart,97,0,26,28.768654742264907,21.308887999964554,76.62950200000296,17742.505154639177,0.3241908329721686,0.0,26,28,29,30,34,55,72,77,77,77,77
POST,/cart/checkout,40,0,36,41.04514537500066,27.21084500001325,71.68186400002696,6985.8,0.1336869414318221,0.0,36,46,50,53,59,69,72,72,72,72,72
GET,/product/0PUK6V6EV0,47,0,18,19.532648425533782,15.189651000014237,59.01756200000818,8190.085106382979,0.157082156182391,0.0,18,19,19,20,24,27,59,59,59,59,59
GET,/product/1YMWWN1N4O,50,0,18,18.509588800002916,15.896802999975534,39.123808999988796,8199.82,0.16710867678977764,0.0,18,18,18,19,20,22,39,39,39,39,39
GET,/product/2ZYFJ3GM2N,28,0,18,18.47625207142605,15.592031999972278,23.3224449999625,8212.17857142857,0.09358085900227547,0.0,18,19,20,20,21,23,23,23,23,23,23
GET,/product/66VCHSJNUP,47,0,18,18.648869553190742,15.306124999995063,37.51915899999858,8170.872340425532,0.157082156182391,0.0,18,18,19,19,22,25,38,38,38,38,38
GET,/product/6E92ZMYYFZ,30,0,18,19.69526916666477,15.42767799998046,42.13614999997617,8141.933333333333,0.10026520607386659,0.0,18,19,19,20,32,33,42,42,42,42,42
GET,/product/9SIQT8TOJO,39,0,18,20.495668717945847,15.98093100000142,52.145808999995324,8213.28205128205,0.13034476789602656,0.0,18,18,20,20,36,38,52,52,52,52,52
GET,/product/L9ECAV7KIM,46,0,18,18.90349889130505,15.566017999958603,32.50363000000789,8184.717391304348,0.15373998264659544,0.0,18,18,19,20,23,28,33,33,33,33,33
GET,/product/LS4PSXUNUM,44,0,18,19.1401919772748,15.401027999985217,39.648478000003706,8185.659090909091,0.1470556355750043,0.0,18,18,19,19,22,33,40,40,40,40,40
GET,/product/OLJCESPC7Z,39,0,18,19.668226589742925,15.20277599999531,39.59993099999792,8208.28205128205,0.13034476789602656,0.0,18,20,21,21,27,36,40,40,40,40,40
POST,/setCurrency,53,0,28,29.903471245281686,23.24363899998616,64.0295510000044,10918.207547169812,0.1771351973971643,0.0,28,29,30,31,37,53,59,64,64,64,64
,Aggregated,676,0,20,23.36375778698226,13.964510999983304,76.62950200000296,10478.560650887574,2.2593093101977937,0.0,20,24,26,28,34,41,56,64,77,77,77
